,pos,wt,mut,prob,change,is_viable,is_escape,pos_dep_weight,grammar rank,semantic rank,pos_dep_rank,grammar rank+semantic rank,grammar rank+pos_dep_rank,semantic rank+pos_dep_rank
204,43,V,L,0.025721386,5464.0,True,True,0.0018124363404512381,889.0,3670.0,3021.0,4559.0,3910.0,6691.0
249,48,E,C,8.252271e-05,8216.0,True,True,6.895867950382156e-07,6276.0,237.0,11108.0,6513.0,17384.0,11345.0
604,83,I,H,0.003120964,6628.0,True,True,7.285419263303735e-07,2238.0,1514.0,11062.0,3752.0,13300.0,12576.0
627,87,N,A,0.00031856264,7692.0,True,True,0.0003088310205303687,4582.0,451.0,4358.0,5033.0,8940.0,4809.0
632,87,N,F,0.0013543607,7760.0,True,True,2.6630436947670484e-05,3040.0,415.0,7512.0,3455.0,10552.0,7927.0
633,87,N,G,4.8284008e-05,6744.0,True,True,0.001682324185528133,6947.0,1360.0,3069.0,8307.0,10016.0,4429.0
634,87,N,H,0.028865749,7884.0,True,True,0.012423215260835011,826.0,345.0,684.0,1171.0,1510.0,1029.0
638,87,N,L,0.003582231,8830.0,True,True,6.445073845254414e-05,2126.0,119.0,6168.0,2245.0,8294.0,6287.0
639,87,N,M,0.0015649609,8210.0,True,True,1.550487122773645e-05,2906.0,240.0,8360.0,3146.0,11266.0,8600.0
660,89,T,A,0.028153086,5624.0,True,True,0.0096371786623229,840.0,3334.0,960.0,4174.0,1800.0,4294.0
664,89,T,E,0.00028303167,6744.0,True,True,1.863718291160356e-06,4719.0,1360.0,10432.0,6079.0,15151.0,11792.0
666,89,T,G,0.0012033016,7092.0,True,True,2.7299133419140814e-05,3159.0,930.0,7449.0,4089.0,10608.0,8379.0
667,89,T,H,0.00076337263,7412.0,True,True,3.179025745395829e-05,3603.0,632.0,7186.0,4235.0,10789.0,7818.0
668,89,T,I,0.010394939,6984.0,True,True,0.019045088983996702,1405.0,1059.0,382.0,2464.0,1787.0,1441.0
670,89,T,K,0.0005695107,6372.0,True,True,5.0839155226361826e-05,3911.0,1885.0,6484.0,5796.0,10395.0,8369.0
673,89,T,N,0.0011549458,6412.0,True,True,0.005304512891120488,3193.0,1823.0,1493.0,5016.0,4686.0,3316.0
676,89,T,R,8.665762e-05,7516.0,True,True,1.0625861691049597e-05,6213.0,560.0,8891.0,6773.0,15104.0,9451.0
682,91,E,A,0.00063429406,6384.0,True,True,0.0013777401650821323,3791.0,1866.0,3258.0,5657.0,7049.0,5124.0
1025,120,K,E,0.043933194,5116.0,True,True,0.0487628064512689,640.0,4442.0,29.0,5082.0,669.0,4471.0
1058,122,T,R,0.0003448562,5960.0,True,True,6.455504586351863e-06,4479.0,2631.0,9426.0,7110.0,13905.0,12057.0
1063,123,P,D,0.0012875091,7880.0,True,True,1.4508019249684642e-06,3083.0,349.0,10621.0,3432.0,13704.0,10970.0
1103,126,V,R,0.0004610814,5976.0,True,True,1.4809636445472607e-07,4160.0,2590.0,11966.0,6750.0,16126.0,14556.0
1378,151,N,C,6.494205e-08,7090.0,True,True,0.0001417902448208484,12336.0,936.0,5075.0,13272.0,17411.0,6011.0
1379,151,N,D,0.0028150687,6340.0,True,True,0.006763952351689942,2316.0,1934.0,1330.0,4250.0,3646.0,3264.0
1380,151,N,E,0.0003033717,6852.0,True,True,5.1456716948088574e-05,4648.0,1230.0,6472.0,5878.0,11120.0,7702.0
1383,151,N,H,0.0004972532,8200.0,True,True,0.0035727880612525667,4059.0,245.0,2011.0,4304.0,6070.0,2256.0
1384,151,N,I,0.00012257324,6080.0,True,True,0.0038052866102322933,5754.0,2396.0,1794.0,8150.0,7548.0,4190.0
1386,151,N,K,0.0033145328,5572.0,True,True,0.003945523860270097,2189.0,3437.0,1722.0,5626.0,3911.0,5159.0
1387,151,N,L,5.4285418e-05,8260.0,True,True,2.7839375701128786e-05,6810.0,225.0,7395.0,7035.0,14205.0,7620.0
1388,151,N,M,0.004613022,6976.0,True,True,1.1461548010955373e-05,1951.0,1077.0,8774.0,3028.0,10725.0,9851.0
1415,153,T,P,0.00886726,6372.0,True,True,0.0010187390787815276,1484.0,1885.0,3497.0,3369.0,4981.0,5382.0
1417,153,T,R,8.7186614e-05,5188.0,True,True,1.3271882436211793e-05,6204.0,4260.0,8576.0,10464.0,14780.0,12836.0
1452,157,R,A,0.0017288232,5080.0,True,True,2.9699828277622306e-05,2797.0,4516.0,7315.0,7313.0,10112.0,11831.0
1456,157,R,E,0.013179874,5244.0,True,True,0.0026449787216150304,1239.0,4139.0,2536.0,5378.0,3775.0,6675.0
1460,157,R,I,0.060291957,5450.0,True,True,7.978182830676653e-05,503.0,3690.0,5833.0,4193.0,6336.0,9523.0
1463,157,R,L,0.030824207,5750.0,True,True,3.177997879497299e-05,791.0,3035.0,7187.0,3826.0,7978.0,10222.0
1464,157,R,M,0.0063237725,5370.0,True,True,0.002397762088717197,1697.0,3861.0,2658.0,5558.0,4355.0,6519.0
1465,157,R,N,0.027711708,5584.0,True,True,0.0001408593183345129,851.0,3412.0,5090.0,4263.0,5941.0,8502.0
1484,160,K,D,0.0021431362,7148.0,True,True,0.00029821374727464177,2568.0,863.0,4412.0,3431.0,6980.0,5275.0
1485,160,K,E,0.007538949,4660.0,True,True,0.019895099722615644,1583.0,5515.0,324.0,7098.0,1907.0,5839.0
1486,160,K,F,0.00063972676,4144.0,True,True,1.8334657640317485e-07,3780.0,6850.0,11870.0,10630.0,15650.0,18720.0
1510,162,K,E,0.0136777405,5024.0,True,True,0.020843872977436277,1220.0,4659.0,298.0,5879.0,1518.0,4957.0
1533,163,V,S,0.0028082174,4644.0,True,True,5.962018377241935e-05,2317.0,5563.0,6309.0,7880.0,8626.0,11872.0
2020,201,T,R,0.0072669447,3552.0,True,True,0.0020597117488436296,1601.0,8574.0,2868.0,10175.0,4469.0,11442.0
2392,242,S,D,4.23911e-05,2634.0,True,True,0.00019224907151207553,7111.0,11181.0,4767.0,18292.0,11878.0,15948.0
2404,242,S,Q,0.00093194196,2784.0,True,True,1.9439002591055415e-06,3411.0,10821.0,10402.0,14232.0,13813.0,21223.0
2449,245,Q,F,4.3190095e-05,3000.0,True,True,3.249065757087368e-06,7086.0,10271.0,10001.0,17357.0,17087.0,20272.0
2776,273,S,P,3.9181632e-05,4224.0,True,True,0.010697975513078922,7214.0,6622.0,903.0,13836.0,8117.0,7525.0
2917,286,Q,H,0.28112182,2446.0,True,True,0.011164183270217638,124.0,11561.0,861.0,11685.0,985.0,12422.0
3375,328,H,C,9.303214e-08,3434.0,True,True,0.0002320734742879376,12249.0,8945.0,4583.0,21194.0,16832.0,13528.0
3426,332,S,L,0.0029072915,2776.0,True,True,7.65230360538799e-06,2294.0,10841.0,9225.0,13135.0,11519.0,20066.0
3431,332,S,R,0.00057136256,3080.0,True,True,0.003838763782965309,3907.0,10034.0,1776.0,13941.0,5683.0,11810.0
3543,343,V,A,0.00024327889,2036.0,True,True,0.0032112838139727712,4910.0,12227.0,2212.0,17137.0,7122.0,14439.0
3684,354,N,I,0.14796288,3974.0,True,True,0.004390249659686704,243.0,7327.0,1644.0,7570.0,1887.0,8971.0
3816,367,L,K,0.0003152455,5524.0,True,True,1.1375438294829035e-05,4593.0,3539.0,8800.0,8132.0,13393.0,12339.0
4144,396,N,I,0.0012225537,3910.0,True,True,0.0038052866102322933,3136.0,7519.0,1794.0,10655.0,4930.0,9313.0
4212,400,Q,I,0.050888944,2462.0,True,True,1.7711494634038827e-06,586.0,11542.0,10480.0,12128.0,11066.0,22022.0
4265,404,S,K,0.006956014,2003.0,True,True,0.0003641244584967049,1622.0,12272.0,4255.0,13894.0,5877.0,16527.0
4846,453,R,I,3.9268193e-06,2646.0,True,True,0.002169343841011475,9996.0,11149.0,2792.0,21145.0,12788.0,13941.0
5527,510,V,F,0.0002744511,3362.0,True,True,0.0015799404873690455,4751.0,9166.0,3130.0,13917.0,7881.0,12296.0
5528,510,V,G,6.116941e-06,4870.0,True,True,0.00196637506721547,9537.0,5010.0,2922.0,14547.0,12459.0,7932.0
5533,510,V,L,0.0005580731,3500.0,True,True,0.0018246563611266807,3927.0,8737.0,3003.0,12664.0,6930.0,11740.0
5535,510,V,N,8.4568974e-08,5704.0,True,True,0.00015468190364507757,12270.0,3153.0,4999.0,15423.0,17269.0,8152.0
5536,510,V,P,1.4192444e-06,2698.0,True,True,2.8574675052168804e-05,10884.0,11021.0,7363.0,21905.0,18247.0,18384.0
5539,510,V,S,2.992827e-06,4088.0,True,True,0.00021734637378438202,10241.0,7042.0,4643.0,17283.0,14884.0,11685.0
5556,513,G,A,0.0015937582,6004.0,True,True,0.00298138342618236,2889.0,2533.0,2280.0,5422.0,5169.0,4813.0
5560,513,G,E,4.0448194e-05,3188.0,True,True,0.017691340335342854,7175.0,9695.0,504.0,16870.0,7679.0,10199.0
5620,521,G,A,0.00063333305,4550.0,True,True,0.00298138342618236,3793.0,5801.0,2280.0,9594.0,6073.0,8081.0
6001,554,R,G,8.343505e-05,2182.0,True,True,0.01152623546873059,6259.0,12004.0,816.0,18263.0,7075.0,12820.0
6620,608,N,A,1.332975e-06,4380.0,True,True,5.923283196839247e-05,10936.0,6244.0,6325.0,17180.0,17261.0,12569.0
6627,608,N,H,4.4531746e-05,5484.0,True,True,0.0056416478341817155,7045.0,3627.0,1396.0,10672.0,8441.0,5023.0
6628,608,N,I,2.4326366e-06,5656.0,True,True,0.004379402575127175,10438.0,3260.0,1659.0,13698.0,12097.0,4919.0
6630,608,N,K,6.0217324e-05,4812.0,True,True,0.006527241241507926,6690.0,5161.0,1350.0,11851.0,8040.0,6511.0
6632,608,N,M,1.1626413e-06,6484.0,True,True,7.501757380459465e-06,11033.0,1696.0,9244.0,12729.0,20277.0,10940.0
6647,609,S,P,0.00059427886,4304.0,True,True,0.002552807742961538,3864.0,6417.0,2589.0,10281.0,6453.0,9006.0
6650,610,S,A,0.0010737804,3184.0,True,True,2.452864293355118e-05,3263.0,9715.0,7634.0,12978.0,10897.0,17349.0
6652,610,S,C,6.008917e-07,5708.0,True,True,0.0017156464567363685,11448.0,3140.0,3044.0,14588.0,14492.0,6184.0
6653,610,S,D,0.0021250658,4012.0,True,True,0.0006644013768197876,2576.0,7232.0,3804.0,9808.0,6380.0,11036.0
6656,610,S,G,0.00050721795,4290.0,True,True,0.01707252892427851,4038.0,6456.0,559.0,10494.0,4597.0,7015.0
6658,610,S,I,0.00012625653,3894.0,True,True,0.001633936498370739,5720.0,7560.0,3088.0,13280.0,8808.0,10648.0
6660,610,S,K,0.0007481569,3826.0,True,True,0.0003168803027509058,3630.0,7763.0,4333.0,11393.0,7963.0,12096.0
6661,610,S,L,0.0002725568,5276.0,True,True,6.076301910876134e-06,4761.0,4072.0,9486.0,8833.0,14247.0,13558.0
6662,610,S,M,0.00021815173,4796.0,True,True,8.346820664255737e-06,5047.0,5201.0,9133.0,10248.0,14180.0,14334.0
6663,610,S,N,0.014416213,3210.0,True,True,0.030957710506418098,1194.0,9628.0,170.0,10822.0,1364.0,9798.0
6665,610,S,Q,0.0003458926,5560.0,True,True,2.0941011903282404e-06,4474.0,3458.0,10340.0,7932.0,14814.0,13798.0
6666,610,S,R,0.00030884732,5380.0,True,True,0.004837480672183611,4620.0,3835.0,1558.0,8455.0,6178.0,5393.0
6849,624,T,N,0.00011565945,5388.0,True,True,0.002827869564822071,5827.0,3815.0,2396.0,9642.0,8223.0,6211.0
6875,626,L,A,5.091742e-05,5750.0,True,True,4.9791105374993944e-06,6883.0,3035.0,9669.0,9918.0,16552.0,12704.0
7000,636,T,A,0.0002485634,5548.0,True,True,0.0036607061083177043,4877.0,3481.0,1928.0,8358.0,6805.0,5409.0
8110,668,N,T,0.0066523114,4788.0,True,True,0.0076607788397704,1653.0,5216.0,1139.0,6869.0,2792.0,6355.0
8425,644,E,F,1.4510074e-07,4304.0,True,True,3.369367583150505e-08,12109.0,6417.0,12464.0,18526.0,24573.0,18881.0
8540,634,N,R,0.00027690906,5732.0,True,True,0.0004293690859379714,4742.0,3081.0,4123.0,7823.0,8865.0,7204.0
8806,610,S,V,6.639278e-06,3906.0,True,True,3.594321732366355e-05,9444.0,7528.0,6992.0,16972.0,16436.0,14520.0
8809,610,S,Y,2.446864e-07,5080.0,True,True,6.368239513184584e-05,11922.0,4516.0,6193.0,16438.0,18115.0,10709.0
8819,608,N,Q,8.624446e-06,5052.0,True,True,7.096672621708365e-05,9135.0,4589.0,5990.0,13724.0,15125.0,10579.0
8820,608,N,R,1.8985267e-05,4556.0,True,True,0.00042199517103737604,8146.0,5786.0,4133.0,13932.0,12279.0,9919.0
8821,608,N,S,0.00059991516,3108.0,True,True,0.018236255535161484,3853.0,9971.0,448.0,13824.0,4301.0,10419.0
8827,608,N,Y,5.0510378e-05,4680.0,True,True,0.0016194228322155215,6891.0,5474.0,3100.0,12365.0,9991.0,8574.0
8939,597,G,M,2.119761e-06,3406.0,True,True,2.994781332895848e-06,10574.0,9019.0,10077.0,19593.0,20651.0,19096.0
9099,586,D,Y,5.9292465e-06,4280.0,True,True,0.0003886317363368398,9564.0,6478.0,4212.0,16042.0,13776.0,10690.0
9899,521,G,H,3.2578637e-07,3848.0,True,True,9.166903499074093e-07,11785.0,7704.0,10928.0,19489.0,22713.0,18632.0
9900,521,G,I,6.5949166e-06,5148.0,True,True,0.0001034745179981102,9454.0,4349.0,5477.0,13803.0,14931.0,9826.0
9907,521,G,Q,1.9195166e-05,3164.0,True,True,6.829707256984071e-05,8126.0,9785.0,6038.0,17911.0,14164.0,15823.0
9909,521,G,S,0.0062345495,4504.0,True,True,0.000239305573803822,1706.0,5909.0,4556.0,7615.0,6262.0,10465.0
9912,521,G,V,4.111517e-05,4830.0,True,True,0.0003942538898140532,7151.0,5115.0,4191.0,12266.0,11342.0,9306.0
9994,516,F,V,0.004285885,2230.0,True,True,0.000623682415061417,1997.0,11919.0,3858.0,13916.0,5855.0,15777.0
9999,515,V,W,1.7699256e-07,5628.0,True,True,6.01428000825431e-09,12041.0,3320.0,12670.0,15361.0,24711.0,15990.0
10031,513,G,L,2.0981113e-06,6308.0,True,True,2.0184734005139545e-06,10583.0,1993.0,10362.0,12576.0,20945.0,12355.0
10040,513,G,V,0.0016965467,5530.0,True,True,0.0003942538898140532,2825.0,3527.0,4191.0,6352.0,7016.0,7718.0
10050,512,I,P,7.983232e-06,4570.0,True,True,0.00012657703119857525,9225.0,5752.0,5248.0,14977.0,14473.0,11000.0
10053,512,I,S,0.0003136387,4800.0,True,True,0.0001403947426704548,4604.0,5195.0,5097.0,9799.0,9701.0,10292.0
10054,512,I,T,0.0019607188,4836.0,True,True,0.019055889393315338,2650.0,5103.0,372.0,7753.0,3022.0,5475.0
10059,512,I,Y,6.439813e-06,8184.0,True,True,2.0680207249026608e-07,9484.0,254.0,11815.0,9738.0,21299.0,12069.0
10086,509,A,E,4.9416603e-06,3386.0,True,True,0.002533439771279049,9766.0,9081.0,2607.0,18847.0,12373.0,11688.0
10088,509,A,G,0.00010239919,4476.0,True,True,0.002110535894334802,5981.0,5980.0,2834.0,11961.0,8815.0,8814.0
10093,509,A,L,2.2650054e-05,4436.0,True,True,8.268539419580779e-05,7927.0,6084.0,5792.0,14011.0,13719.0,11876.0
10094,509,A,M,1.2423332e-05,3528.0,True,True,1.3324049090487385e-05,8676.0,8655.0,8569.0,17331.0,17245.0,17224.0
10105,509,A,Y,2.6594327e-09,3658.0,True,True,2.40632492835644e-07,12687.0,8259.0,11740.0,20946.0,24427.0,19999.0
10364,488,I,Y,2.8688479e-05,5716.0,True,True,2.0876476403536095e-05,7625.0,3118.0,7878.0,10743.0,15503.0,10996.0
11109,425,Q,Y,0.00024182336,4784.0,True,True,7.92506157806891e-05,4921.0,5229.0,5854.0,10150.0,10775.0,11083.0
11329,406,G,H,6.895177e-05,2680.0,True,True,2.615131807132352e-07,6500.0,11070.0,11699.0,17570.0,18199.0,22769.0
12131,341,G,M,3.045088e-06,5036.0,True,True,1.6098490804308105e-06,10224.0,4622.0,10545.0,14846.0,20769.0,15167.0
12370,323,D,Q,0.00060733606,2780.0,True,True,2.3125489523362763e-05,3838.0,10833.0,7728.0,14671.0,11566.0,18561.0
12371,323,D,R,0.001000839,2482.0,True,True,2.617409874034554e-05,3339.0,11498.0,7544.0,14837.0,10883.0,19042.0
12571,310,P,R,1.3353461e-05,3122.0,True,True,0.00040677025598284114,8572.0,9921.0,4158.0,18493.0,12730.0,14079.0
12589,309,G,R,2.2227865e-05,1502.0,True,True,0.04354318391309621,7950.0,12636.0,139.0,20586.0,8089.0,12775.0
12652,304,K,T,0.39030164,3244.0,True,True,0.012668346986846622,71.0,9536.0,665.0,9607.0,736.0,10201.0
13143,264,L,V,0.00049492036,2736.0,True,True,0.0007514550420191403,4067.0,10931.0,3650.0,14998.0,7717.0,14581.0
13557,228,K,M,6.0514e-06,2096.0,True,True,0.003533210273585923,9547.0,12129.0,2043.0,21676.0,11590.0,14172.0
13561,228,K,R,0.05229954,1901.0,True,True,0.0446131293252551,570.0,12375.0,108.0,12945.0,678.0,12483.0
13681,221,G,K,5.0057783e-06,3494.0,True,True,1.220555948724802e-05,9754.0,8753.0,8721.0,18507.0,18475.0,17474.0
13955,203,A,P,2.3728158e-05,3396.0,True,True,0.00071943413680194,7871.0,9053.0,3699.0,16924.0,11570.0,12752.0
13966,202,Q,R,0.0011963604,2984.0,True,True,0.009455302225791225,3166.0,10310.0,974.0,13476.0,4140.0,11284.0
14244,178,N,Q,0.0024898255,5044.0,True,True,5.5311287100195424e-05,2426.0,4603.0,6393.0,7029.0,8819.0,10996.0
14412,162,K,T,0.051644467,5560.0,True,True,0.003848758078683929,576.0,3458.0,1768.0,4034.0,2344.0,5226.0
14430,160,K,N,0.0145317055,5510.0,True,True,0.007757838715611461,1189.0,3559.0,1088.0,4748.0,2277.0,4647.0
14477,157,R,S,0.12090433,4210.0,True,True,0.0007893854520153948,295.0,6666.0,3606.0,6961.0,3901.0,10272.0
14478,157,R,T,0.06355674,5884.0,True,True,0.0005335722009281665,481.0,2771.0,3976.0,3252.0,4457.0,6747.0
14480,157,R,V,0.0012259192,5550.0,True,True,8.646364218553061e-05,3133.0,3472.0,5719.0,6605.0,8852.0,9191.0
14483,157,R,Y,0.007221975,4292.0,True,True,9.901795899935487e-07,1605.0,6447.0,10847.0,8052.0,12452.0,17294.0
14542,151,N,P,9.563249e-06,7484.0,True,True,2.7738142282864562e-05,9003.0,584.0,7407.0,9587.0,16410.0,7991.0
14544,151,N,R,0.0007421045,5996.0,True,True,0.000297280853865761,3638.0,2545.0,4414.0,6183.0,8052.0,6959.0
14546,151,N,T,0.0009141422,5084.0,True,True,0.007666223385908566,3435.0,4508.0,1121.0,7943.0,4556.0,5629.0
14548,151,N,V,1.2495348e-06,6776.0,True,True,2.535496882710834e-05,10983.0,1317.0,7590.0,12300.0,18573.0,8907.0
14549,151,N,W,3.9165067e-07,5130.0,True,True,6.520464128958175e-07,11705.0,4410.0,11138.0,16115.0,22843.0,15548.0
14705,140,D,M,0.0016209544,6116.0,True,True,3.659267259372105e-07,2876.0,2339.0,11487.0,5215.0,14363.0,13826.0
14923,121,L,V,0.00014768743,6984.0,True,True,0.0020422930305592285,5526.0,1059.0,2886.0,6585.0,8412.0,3945.0
14928,120,K,L,5.0143335e-06,6920.0,True,True,9.712220062804911e-05,9752.0,1138.0,5537.0,10890.0,15289.0,6675.0
14932,120,K,Q,0.0013150583,4870.0,True,True,0.01303972992814928,3064.0,5010.0,645.0,8074.0,3709.0,5655.0
15312,90,E,T,0.04689842,7130.0,True,True,0.00026986524601898854,619.0,887.0,4487.0,1506.0,5106.0,5374.0
15320,89,T,V,0.0059460388,5972.0,True,True,0.000280665355130181,1761.0,2601.0,4460.0,4362.0,6221.0,7061.0
15330,87,N,Q,0.00041548404,8350.0,True,True,0.00013403849638647344,4286.0,199.0,5169.0,4485.0,9455.0,5368.0
15331,87,N,R,5.3237163e-05,6788.0,True,True,0.00044496794702909034,6834.0,1306.0,4111.0,8140.0,10945.0,5417.0
15332,87,N,S,0.0071659824,6010.0,True,True,0.02785084741522333,1612.0,2527.0,253.0,4139.0,1865.0,2780.0
15333,87,N,T,0.0007567656,6532.0,True,True,0.007595986402940455,3617.0,1633.0,1152.0,5250.0,4769.0,2785.0
15336,87,N,W,2.7835695e-05,6260.0,True,True,1.082182877616325e-06,7673.0,2072.0,10793.0,9745.0,18466.0,12865.0
15361,85,L,N,0.00036098738,8040.0,True,True,5.3328162823705936e-08,4426.0,292.0,12350.0,4718.0,16776.0,12642.0
15380,84,H,Q,0.002557367,6804.0,True,True,0.0054298527723331234,2397.0,1289.0,1461.0,3686.0,3858.0,2750.0
15382,84,H,S,0.037986107,5810.0,True,True,0.00032257981472134744,694.0,2923.0,4306.0,3617.0,5000.0,7229.0
15385,84,H,V,0.19019699,6188.0,True,True,6.135467274417228e-06,187.0,2212.0,9476.0,2399.0,9663.0,11688.0
15939,46,D,Y,2.6316087e-07,5492.0,True,True,0.002161012954308765,11891.0,3605.0,2796.0,15496.0,14687.0,6401.0
