,pos,wt,mut,prob,change,is_viable,is_escape,codon dep,grammar rank,sem change rank,dep rank,grammar rank+sem change rank rank,grammar rank+dep rank rank,sem change rank+dep rank rank,grammar rank+sem change rank+dep rank rank,grammar rank rank,sem change rank rank,dep rank rank
172,43,V,L,0.025721386,5464.0,True,True,0.0075671067637335,889.0,3670.0,1346.0,825.0,482.0,684.0,229.0,889.0,3670.0,1346.0
209,48,E,C,8.252271e-05,8216.0,True,True,1.0377028956125313e-07,6276.0,237.0,12376.0,1639.0,10211.0,6256.0,6221.0,6276.0,237.0,12376.0
510,83,I,H,0.003120964,6628.0,True,True,1.519462035154269e-06,2238.0,1514.0,10747.0,526.0,6528.0,5826.0,3352.0,2238.0,1514.0,10747.0
529,87,N,A,0.00031856264,7692.0,True,True,0.0001351014291617,4582.0,451.0,4897.0,1010.0,4122.0,811.0,1136.0,4582.0,451.0,4897.0
533,87,N,F,0.0013543607,7760.0,True,True,1.058827081932915e-05,3040.0,415.0,9221.0,437.0,6049.0,3277.0,2266.0,3040.0,415.0,9221.0
534,87,N,G,4.8284008e-05,6744.0,True,True,0.0001142190665714,6947.0,1360.0,5183.0,2604.0,5952.0,1310.0,2741.0,6947.0,1360.0,5183.0
535,87,N,H,0.028865749,7884.0,True,True,0.0047490187018181,826.0,345.0,2055.0,22.0,717.0,90.0,24.0,826.0,345.0,2055.0
538,87,N,L,0.003582231,8830.0,True,True,4.824958891478029e-05,2126.0,119.0,6581.0,126.0,3668.0,1391.0,790.0,2126.0,119.0,6581.0
539,87,N,M,0.0015649609,8210.0,True,True,9.438562525315776e-06,2906.0,240.0,9382.0,334.0,6066.0,3264.0,2184.0,2906.0,240.0,9382.0
557,89,T,A,0.028153086,5624.0,True,True,0.007957069700424,840.0,3334.0,1272.0,666.0,443.0,548.0,164.0,840.0,3334.0,1272.0
560,89,T,E,0.00028303167,6744.0,True,True,1.7013536794054735e-06,4719.0,1360.0,10686.0,1430.0,8167.0,5586.0,4823.0,4719.0,1360.0,10686.0
562,89,T,G,0.0012033016,7092.0,True,True,1.843692561937527e-05,3159.0,930.0,8419.0,636.0,5527.0,3054.0,2177.0,3159.0,930.0,8419.0
563,89,T,H,0.00076337263,7412.0,True,True,7.754705279092198e-05,3603.0,632.0,5830.0,697.0,4090.0,1269.0,1176.0,3603.0,632.0,5830.0
564,89,T,I,0.010394939,6984.0,True,True,0.0194462326403785,1405.0,1059.0,52.0,176.0,238.0,23.0,11.0,1405.0,1059.0,52.0
565,89,T,K,0.0005695107,6372.0,True,True,7.965885845111201e-05,3911.0,1885.0,5778.0,1336.0,4263.0,1929.0,1712.0,3911.0,1885.0,5778.0
568,89,T,N,0.0011549458,6412.0,True,True,0.008050537636177,3193.0,1823.0,1240.0,1004.0,1352.0,180.0,281.0,3193.0,1823.0,1240.0
571,89,T,R,8.665762e-05,7516.0,True,True,1.4307215906582611e-05,6213.0,560.0,8889.0,1760.0,7967.0,3123.0,4101.0,6213.0,560.0,8889.0
576,91,E,A,0.00063429406,6384.0,True,True,0.001460513835077,3791.0,1866.0,3225.0,1277.0,2671.0,713.0,805.0,3791.0,1866.0,3225.0
865,120,K,E,0.043933194,5116.0,True,True,0.0096168366829201,640.0,4442.0,795.0,1029.0,226.0,766.0,224.0,640.0,4442.0,795.0
893,122,T,R,0.0003448562,5960.0,True,True,2.5410266498808826e-05,4479.0,2631.0,7779.0,1941.0,6046.0,3950.0,3620.0,4479.0,2631.0,7779.0
897,123,P,D,0.0012875091,7880.0,True,True,1.5262253727422015e-05,3083.0,349.0,8781.0,431.0,5748.0,2874.0,2044.0,3083.0,349.0,8781.0
931,126,V,R,0.0004610814,5976.0,True,True,1.834518513097695e-05,4160.0,2590.0,8424.0,1746.0,6262.0,4501.0,3787.0,4160.0,2590.0,8424.0
1163,151,N,C,6.494205e-08,7090.0,True,True,6.628305903283365e-05,12336.0,936.0,6055.0,6751.0,10051.0,1548.0,6529.0,12336.0,936.0,6055.0
1164,151,N,D,0.0028150687,6340.0,True,True,0.0093795210415518,2316.0,1934.0,935.0,702.0,860.0,145.0,149.0,2316.0,1934.0,935.0
1165,151,N,E,0.0003033717,6852.0,True,True,3.8433992647066496e-05,4648.0,1230.0,7024.0,1358.0,5597.0,2301.0,2392.0,4648.0,1230.0,7024.0
1168,151,N,H,0.0004972532,8200.0,True,True,0.0062340194528904,4059.0,245.0,1650.0,732.0,1941.0,55.0,237.0,4059.0,245.0,1650.0
1169,151,N,I,0.00012257324,6080.0,True,True,0.0027005463434047,5754.0,2396.0,2518.0,2513.0,3406.0,652.0,1383.0,5754.0,2396.0,2518.0
1170,151,N,K,0.0033145328,5572.0,True,True,0.0021007469322425,2189.0,3437.0,2757.0,1261.0,1582.0,1139.0,677.0,2189.0,3437.0,2757.0
1171,151,N,L,5.4285418e-05,8260.0,True,True,4.652531373685539e-05,6810.0,225.0,6666.0,1899.0,6844.0,1489.0,2857.0,6810.0,225.0,6666.0
1172,151,N,M,0.004613022,6976.0,True,True,8.52865633668583e-06,1951.0,1077.0,9500.0,304.0,5432.0,4092.0,2184.0,1951.0,1077.0,9500.0
1195,153,T,P,0.00886726,6372.0,True,True,0.0030071098609282,1484.0,1885.0,2435.0,402.0,1140.0,455.0,214.0,1484.0,1885.0,2435.0
1197,153,T,R,8.7186614e-05,5188.0,True,True,1.8361016695102704e-05,6204.0,4260.0,8422.0,4071.0,7661.0,6347.0,6217.0,6204.0,4260.0,8422.0
1227,157,R,A,0.0017288232,5080.0,True,True,1.177767695293884e-05,2797.0,4516.0,9101.0,2057.0,5775.0,7512.0,4589.0,2797.0,4516.0,9101.0
1230,157,R,E,0.013179874,5244.0,True,True,0.0001486681570027,1239.0,4139.0,4774.0,1144.0,2095.0,2716.0,1209.0,1239.0,4139.0,4774.0
1234,157,R,I,0.060291957,5450.0,True,True,2.356502597765984e-05,503.0,3690.0,7980.0,673.0,3531.0,5179.0,2026.0,503.0,3690.0,7980.0
1236,157,R,L,0.030824207,5750.0,True,True,3.508742483639412e-05,791.0,3035.0,7215.0,549.0,3245.0,3802.0,1507.0,791.0,3035.0,7215.0
1237,157,R,M,0.0063237725,5370.0,True,True,0.0015449937755646,1697.0,3861.0,3131.0,1231.0,1528.0,1550.0,747.0,1697.0,3861.0,3131.0
1238,157,R,N,0.027711708,5584.0,True,True,3.179173924238212e-05,851.0,3412.0,7369.0,709.0,3372.0,4277.0,1736.0,851.0,3412.0,7369.0
1253,160,K,D,0.0021431362,7148.0,True,True,0.0001544283146861,2568.0,863.0,4711.0,430.0,2838.0,897.0,627.0,2568.0,863.0,4711.0
1254,160,K,E,0.007538949,4660.0,True,True,0.0093971577785326,1583.0,5515.0,920.0,1937.0,586.0,1258.0,603.0,1583.0,5515.0,920.0
1255,160,K,F,0.00063972676,4144.0,True,True,2.684558546758821e-07,3780.0,6850.0,11851.0,4200.0,8331.0,11304.0,8635.0,3780.0,6850.0,11851.0
1275,162,K,E,0.0136777405,5024.0,True,True,0.0094045408055296,1220.0,4659.0,914.0,1359.0,454.0,896.0,366.0,1220.0,4659.0,914.0
1295,163,V,S,0.0028082174,4644.0,True,True,6.81827068723503e-05,2317.0,5563.0,6011.0,2358.0,3442.0,5083.0,2975.0,2317.0,5563.0,6011.0
1708,201,T,R,0.0072669447,3552.0,True,True,0.0006784783714213,1601.0,8574.0,3701.0,3827.0,1748.0,5841.0,2965.0,1601.0,8574.0,3701.0
2019,242,S,D,4.23911e-05,2634.0,True,True,0.000160722444268,7111.0,11181.0,4653.0,10934.0,5663.0,9470.0,8961.0,7111.0,11181.0,4653.0
2030,242,S,Q,0.00093194196,2784.0,True,True,1.8345656585672204e-06,3411.0,10821.0,10644.0,7747.0,7278.0,12305.0,10104.0,3411.0,10821.0,10644.0
2069,245,Q,F,4.3190095e-05,3000.0,True,True,4.952413870980751e-06,7086.0,10271.0,9966.0,10373.0,9228.0,11923.0,11260.0,7086.0,10271.0,9966.0
2347,273,S,P,3.9181632e-05,4224.0,True,True,0.0120575742321754,7214.0,6622.0,346.0,7341.0,2984.0,1542.0,3132.0,7214.0,6622.0,346.0
2467,286,Q,H,0.28112182,2446.0,True,True,0.014049439800818,124.0,11561.0,189.0,5103.0,13.0,5270.0,1857.0,124.0,11561.0,189.0
2859,328,H,C,9.303214e-08,3434.0,True,True,0.0001982178075258,12249.0,8945.0,4348.0,12182.0,8943.0,7111.0,10475.0,12249.0,8945.0,4348.0
2902,332,S,L,0.0029072915,2776.0,True,True,3.732074653400242e-05,2294.0,10841.0,7082.0,6604.0,4059.0,10881.0,7139.0,2294.0,10841.0,7082.0
2907,332,S,R,0.00057136256,3080.0,True,True,0.0122761461766918,3907.0,10034.0,314.0,7464.0,1261.0,3890.0,3183.0,3907.0,10034.0,314.0
3002,343,V,A,0.00024327889,2036.0,True,True,0.0071027611890396,4910.0,12227.0,1375.0,10214.0,2248.0,7489.0,5972.0,4910.0,12227.0,1375.0
3121,354,N,I,0.14796288,3974.0,True,True,0.0020166887731165,243.0,7327.0,2844.0,2185.0,792.0,3734.0,1296.0,243.0,7327.0,2844.0
3234,367,L,K,0.0003152455,5524.0,True,True,3.451565327054372e-05,4593.0,3539.0,7238.0,2502.0,5725.0,4271.0,3903.0,4593.0,3539.0,7238.0
3514,396,N,I,0.0012225537,3910.0,True,True,0.0027005463434047,3136.0,7519.0,2518.0,4220.0,1923.0,3611.0,2543.0,3136.0,7519.0,2518.0
3573,400,Q,I,0.050888944,2462.0,True,True,5.97537618744465e-07,586.0,11542.0,11327.0,5550.0,5787.0,12571.0,9274.0,586.0,11542.0,11327.0
3618,404,S,K,0.006956014,2003.0,True,True,8.886120364680656e-05,1622.0,12272.0,5608.0,7398.0,2810.0,10852.0,6661.0,1622.0,12272.0,5608.0
4117,453,R,I,3.9268193e-06,2646.0,True,True,0.0003172690302136,9996.0,11149.0,3956.0,12172.0,7187.0,8866.0,10223.0,9996.0,11149.0,3956.0
4696,510,V,F,0.0002744511,3362.0,True,True,0.0014006343480982,4751.0,9166.0,3285.0,7429.0,3265.0,6060.0,5126.0,4751.0,9166.0,3285.0
4697,510,V,G,6.116941e-06,4870.0,True,True,0.0029784699922471,9537.0,5010.0,2447.0,8078.0,5855.0,1813.0,4988.0,9537.0,5010.0,2447.0
4701,510,V,L,0.0005580731,3500.0,True,True,0.001405756261305,3927.0,8737.0,3281.0,6064.0,2798.0,5555.0,4273.0,3927.0,8737.0,3281.0
4703,510,V,N,8.4568974e-08,5704.0,True,True,3.4519169953122857e-05,12270.0,3153.0,7237.0,8837.0,10667.0,3931.0,8770.0,12270.0,3153.0,7237.0
4704,510,V,P,1.4192444e-06,2698.0,True,True,3.048577321473822e-05,10884.0,11021.0,7430.0,12372.0,10002.0,11166.0,11926.0,10884.0,11021.0,7430.0
4707,510,V,S,2.992827e-06,4088.0,True,True,9.469380758976792e-05,10241.0,7042.0,5475.0,10313.0,8397.0,6143.0,8843.0,10241.0,7042.0,5475.0
4721,513,G,A,0.0015937582,6004.0,True,True,0.0035565039284898,2889.0,2533.0,2271.0,1167.0,1683.0,609.0,547.0,2889.0,2533.0,2271.0
4724,513,G,E,4.0448194e-05,3188.0,True,True,0.0069409486119102,7175.0,9695.0,1448.0,10003.0,3612.0,4631.0,5847.0,7175.0,9695.0,1448.0
4774,521,G,A,0.00063333305,4550.0,True,True,0.0035565039284898,3793.0,5801.0,2271.0,3388.0,2130.0,2166.0,1852.0,3793.0,5801.0,2271.0
5101,554,R,G,8.343505e-05,2182.0,True,True,0.0054636672998582,6259.0,12004.0,1832.0,10919.0,3299.0,7723.0,7046.0,6259.0,12004.0,1832.0
5626,608,N,A,1.332975e-06,4380.0,True,True,8.367206956156246e-05,10936.0,6244.0,5683.0,10246.0,8960.0,5448.0,8902.0,10936.0,6244.0,5683.0
5632,608,N,H,4.4531746e-05,5484.0,True,True,0.0055038998552064,7045.0,3627.0,1808.0,4231.0,3751.0,847.0,2164.0,7045.0,3627.0,1808.0
5633,608,N,I,2.4326366e-06,5656.0,True,True,0.0020603895968195,10438.0,3260.0,2810.0,7193.0,6703.0,1085.0,4650.0,10438.0,3260.0,2810.0
5634,608,N,K,6.0217324e-05,4812.0,True,True,0.0090476613907166,6690.0,5161.0,1039.0,5277.0,3081.0,1143.0,2380.0,6690.0,5161.0,1039.0
5636,608,N,M,1.1626413e-06,6484.0,True,True,1.526739809619981e-05,11033.0,1696.0,8777.0,6140.0,10802.0,3985.0,8021.0,11033.0,1696.0,8777.0
5649,609,S,P,0.00059427886,4304.0,True,True,0.0069102308461231,3864.0,6417.0,1473.0,3916.0,1760.0,2057.0,1793.0,3864.0,6417.0,1473.0
5652,610,S,A,0.0010737804,3184.0,True,True,1.7197704302617232e-05,3263.0,9715.0,8549.0,6450.0,5706.0,11070.0,8039.0,3263.0,9715.0,8549.0
5653,610,S,C,6.008917e-07,5708.0,True,True,0.0010349227277964,11448.0,3140.0,3464.0,8114.0,7832.0,1339.0,5667.0,11448.0,3140.0,3464.0
5654,610,S,D,0.0021250658,4012.0,True,True,0.0001828852578249,2576.0,7232.0,4459.0,3562.0,2684.0,5204.0,3190.0,2576.0,7232.0,4459.0
5657,610,S,G,0.00050721795,4290.0,True,True,0.0068210363190687,4038.0,6456.0,1509.0,4098.0,1868.0,2103.0,1934.0,4038.0,6456.0,1509.0
5659,610,S,I,0.00012625653,3894.0,True,True,0.0014380172230463,5720.0,7560.0,3243.0,6763.0,3810.0,4301.0,4661.0,5720.0,7560.0,3243.0
5660,610,S,K,0.0007481569,3826.0,True,True,7.333003776883825e-05,3630.0,7763.0,5917.0,4824.0,4169.0,7568.0,5190.0,3630.0,7763.0,5917.0
5661,610,S,L,0.0002725568,5276.0,True,True,1.968121335210651e-05,4761.0,4072.0,8314.0,2906.0,6597.0,5982.0,5084.0,4761.0,4072.0,8314.0
5662,610,S,M,0.00021815173,4796.0,True,True,1.179319959919197e-05,5047.0,5201.0,9097.0,3876.0,7333.0,8189.0,6551.0,5047.0,5201.0,9097.0
5663,610,S,N,0.014416213,3210.0,True,True,0.0109734129162497,1194.0,9628.0,529.0,4358.0,324.0,3725.0,1633.0,1194.0,9628.0,529.0
5665,610,S,Q,0.0003458926,5560.0,True,True,1.1867752391567056e-06,4474.0,3458.0,10885.0,2385.0,8137.0,8228.0,6177.0,4474.0,3458.0,10885.0
5666,610,S,R,0.00030884732,5380.0,True,True,0.0095043075406201,4620.0,3835.0,846.0,2704.0,1832.0,568.0,919.0,4620.0,3835.0,846.0
5822,624,T,N,0.00011565945,5388.0,True,True,0.0030740935346775,5827.0,3815.0,2386.0,3423.0,3369.0,1144.0,1950.0,5827.0,3815.0,2386.0
5845,626,L,A,5.091742e-05,5750.0,True,True,2.6067824324852023e-05,6883.0,3035.0,7722.0,3638.0,7649.0,4241.0,5386.0,6883.0,3035.0,7722.0
5950,636,T,A,0.0002485634,5548.0,True,True,0.0084062038427384,4877.0,3481.0,1146.0,2632.0,2104.0,554.0,984.0,4877.0,3481.0,1146.0
6848,668,N,T,0.0066523114,4788.0,True,True,0.0118472656936784,1653.0,5216.0,374.0,1815.0,420.0,903.0,449.0,1653.0,5216.0,374.0
7084,644,E,F,1.4510074e-07,4304.0,True,True,2.716846514107917e-07,12109.0,6417.0,11839.0,11068.0,12482.0,11064.0,12161.0,12109.0,6417.0,11839.0
7169,634,N,R,0.00027690906,5732.0,True,True,0.0002223051856511,4742.0,3081.0,4196.0,2323.0,3797.0,1706.0,1946.0,4742.0,3081.0,4196.0
7360,610,S,V,6.639278e-06,3906.0,True,True,2.9311578726355024e-05,9444.0,7528.0,7506.0,10086.0,9156.0,8814.0,9884.0,9444.0,7528.0,7506.0
7362,610,S,Y,2.446864e-07,5080.0,True,True,4.155434335913973e-05,11922.0,4516.0,6880.0,9675.0,10309.0,4883.0,9197.0,11922.0,4516.0,6880.0
7368,608,N,Q,8.624446e-06,5052.0,True,True,9.593932250070837e-05,9135.0,4589.0,5432.0,7227.0,7617.0,3595.0,6421.0,9135.0,4589.0,5432.0
7369,608,N,R,1.8985267e-05,4556.0,True,True,0.0001881624344362,8146.0,5786.0,4418.0,7452.0,6246.0,3762.0,5870.0,8146.0,5786.0,4418.0
7370,608,N,S,0.00059991516,3108.0,True,True,0.0095998465231404,3853.0,9971.0,803.0,7331.0,1452.0,4268.0,3439.0,3853.0,9971.0,803.0
7374,608,N,Y,5.0510378e-05,4680.0,True,True,0.0016500160991499,6891.0,5474.0,2996.0,5791.0,4383.0,2441.0,3893.0,6891.0,5474.0,2996.0
7454,597,G,M,2.119761e-06,3406.0,True,True,8.641485336190288e-07,10574.0,9019.0,11116.0,11605.0,11721.0,11891.0,12229.0,10574.0,9019.0,11116.0
7575,586,D,Y,5.9292465e-06,4280.0,True,True,0.000921094884362,9564.0,6478.0,3561.0,9380.0,6625.0,3613.0,6723.0,9564.0,6478.0,3561.0
8162,521,G,H,3.2578637e-07,3848.0,True,True,2.46352663549608e-07,11785.0,7704.0,11906.0,11555.0,12403.0,11703.0,12334.0,11785.0,7704.0,11906.0
8163,521,G,I,6.5949166e-06,5148.0,True,True,1.2934884556128689e-05,9454.0,4349.0,9002.0,7308.0,10089.0,7189.0,8876.0,9454.0,4349.0,9002.0
8169,521,G,Q,1.9195166e-05,3164.0,True,True,1.4412213081860137e-05,8126.0,9785.0,8872.0,10704.0,9188.0,11279.0,11056.0,8126.0,9785.0,8872.0
8171,521,G,S,0.0062345495,4504.0,True,True,5.1315112798067056e-05,1706.0,5909.0,6470.0,2208.0,3351.0,5975.0,3084.0,1706.0,5909.0,6470.0
8173,521,G,V,4.111517e-05,4830.0,True,True,0.0009172061936365,7151.0,5115.0,3566.0,5681.0,4934.0,2570.0,4211.0,7151.0,5115.0,3566.0
8237,516,F,V,0.004285885,2230.0,True,True,0.0083766979262118,1997.0,11919.0,1158.0,7427.0,815.0,6855.0,3723.0,1997.0,11919.0,1158.0
8240,515,V,W,1.7699256e-07,5628.0,True,True,1.513991991266823e-07,12041.0,3320.0,12206.0,8798.0,12547.0,9222.0,11349.0,12041.0,3320.0,12206.0
8264,513,G,L,2.0981113e-06,6308.0,True,True,3.4677986798217884e-06,10583.0,1993.0,10224.0,5984.0,11324.0,5776.0,8873.0,10583.0,1993.0,10224.0
8272,513,G,V,0.0016965467,5530.0,True,True,0.0009172061936365,2825.0,3527.0,3566.0,1551.0,2302.0,1603.0,1131.0,2825.0,3527.0,3566.0
8279,512,I,P,7.983232e-06,4570.0,True,True,0.0002042668520372,9225.0,5752.0,4306.0,8459.0,6882.0,3627.0,6506.0,9225.0,5752.0,4306.0
8282,512,I,S,0.0003136387,4800.0,True,True,7.842157872316428e-05,4604.0,5195.0,5814.0,3551.0,4720.0,4496.0,4065.0,4604.0,5195.0,5814.0
8283,512,I,T,0.0019607188,4836.0,True,True,0.0130768209997893,2650.0,5103.0,241.0,2275.0,719.0,810.0,597.0,2650.0,5103.0,241.0
8286,512,I,Y,6.439813e-06,8184.0,True,True,2.688652431907447e-07,9484.0,254.0,11846.0,3497.0,11570.0,5643.0,8075.0,9484.0,254.0,11846.0
8305,509,A,E,4.9416603e-06,3386.0,True,True,0.003818510458035,9766.0,9081.0,2227.0,11219.0,5861.0,4785.0,7729.0,9766.0,9081.0,2227.0
8307,509,A,G,0.00010239919,4476.0,True,True,0.0015355319866491,5981.0,5980.0,3163.0,5375.0,3934.0,2885.0,3763.0,5981.0,5980.0,3163.0
8311,509,A,L,2.2650054e-05,4436.0,True,True,5.504688285397648e-05,7927.0,6084.0,6383.0,7535.0,7449.0,6082.0,7263.0,7927.0,6084.0,6383.0
8312,509,A,M,1.2423332e-05,3528.0,True,True,2.141250604289565e-06,8676.0,8655.0,10528.0,10358.0,10531.0,11526.0,11472.0,8676.0,8655.0,10528.0
8321,509,A,Y,2.6594327e-09,3658.0,True,True,4.816641164090644e-07,12687.0,8259.0,11457.0,12102.0,12522.0,11750.0,12486.0,12687.0,8259.0,11457.0
8511,488,I,Y,2.8688479e-05,5716.0,True,True,1.5638546857068677e-05,7625.0,3118.0,8734.0,4294.0,8790.0,5379.0,6645.0,7625.0,3118.0,8734.0
9054,425,Q,Y,0.00024182336,4784.0,True,True,1.5380812065128837e-05,4921.0,5229.0,8760.0,3804.0,6994.0,7880.0,6243.0,4921.0,5229.0,8760.0
9214,406,G,H,6.895177e-05,2680.0,True,True,1.8509816895240187e-07,6500.0,11070.0,12104.0,10517.0,10179.0,12613.0,12007.0,6500.0,11070.0,12104.0
9801,341,G,M,3.045088e-06,5036.0,True,True,3.772271214351638e-07,10224.0,4622.0,11615.0,8352.0,11777.0,9789.0,10921.0,10224.0,4622.0,11615.0
9979,323,D,Q,0.00060733606,2780.0,True,True,1.45703593024116e-05,3838.0,10833.0,8846.0,8193.0,6324.0,11737.0,9304.0,3838.0,10833.0,8846.0
9980,323,D,R,0.001000839,2482.0,True,True,4.3751198125878e-05,3339.0,11498.0,6805.0,8343.0,4568.0,11089.0,8119.0,3339.0,11498.0,6805.0
10132,310,P,R,1.3353461e-05,3122.0,True,True,0.0011881995349518,8572.0,9921.0,3355.0,11050.0,5802.0,7082.0,8234.0,8572.0,9921.0,3355.0
10146,309,G,R,2.2227865e-05,1502.0,True,True,0.0107925718718998,7950.0,12636.0,600.0,11982.0,3569.0,7040.0,7811.0,7950.0,12636.0,600.0
10192,304,K,T,0.39030164,3244.0,True,True,0.0048910436299851,71.0,9536.0,1995.0,3400.0,432.0,5031.0,1721.0,71.0,9536.0,1995.0
10551,264,L,V,0.00049492036,2736.0,True,True,0.0069884985920577,4067.0,10931.0,1421.0,8480.0,1846.0,5940.0,4593.0,4067.0,10931.0,1421.0
10852,228,K,M,6.0514e-06,2096.0,True,True,0.0018673306064378,9547.0,12129.0,2905.0,12315.0,6181.0,8814.0,9944.0,9547.0,12129.0,2905.0
10856,228,K,R,0.05229954,1901.0,True,True,0.0093645493299289,570.0,12375.0,945.0,6418.0,263.0,7143.0,2973.0,570.0,12375.0,945.0
10949,221,G,K,5.0057783e-06,3494.0,True,True,1.87483774559296e-06,9754.0,8753.0,10627.0,11058.0,11119.0,11607.0,11876.0,9754.0,8753.0,10627.0
11159,203,A,P,2.3728158e-05,3396.0,True,True,0.0017517931524347,7871.0,9053.0,2927.0,10045.0,4988.0,5507.0,6881.0,7871.0,9053.0,2927.0
11167,202,Q,R,0.0011963604,2984.0,True,True,0.0110782556844308,3166.0,10310.0,521.0,6962.0,1045.0,4333.0,3031.0,3166.0,10310.0,521.0
11368,178,N,Q,0.0024898255,5044.0,True,True,4.349092137931375e-05,2426.0,4603.0,6820.0,1894.0,3985.0,4913.0,2947.0,2426.0,4603.0,6820.0
11491,162,K,T,0.051644467,5560.0,True,True,0.0076089766560428,576.0,3458.0,1333.0,615.0,387.0,604.0,159.0,576.0,3458.0,1333.0
11503,160,K,N,0.0145317055,5510.0,True,True,0.0083696425395696,1189.0,3559.0,1159.0,901.0,531.0,579.0,230.0,1189.0,3559.0,1159.0
11540,157,R,S,0.12090433,4210.0,True,True,0.0008592650954894,295.0,6666.0,3588.0,1859.0,1127.0,3808.0,1343.0,295.0,6666.0,3588.0
11541,157,R,T,0.06355674,5884.0,True,True,0.000928660139686,481.0,2771.0,3549.0,367.0,1186.0,1211.0,370.0,481.0,2771.0,3549.0
11542,157,R,V,0.0012259192,5550.0,True,True,1.907883197730489e-05,3133.0,3472.0,8367.0,1676.0,5470.0,5367.0,3656.0,3133.0,3472.0,8367.0
11544,157,R,Y,0.007221975,4292.0,True,True,1.330024855481389e-07,1605.0,6447.0,12259.0,2456.0,7117.0,11306.0,7204.0,1605.0,6447.0,12259.0
11586,151,N,P,9.563249e-06,7484.0,True,True,9.352508152076908e-05,9003.0,584.0,5501.0,3383.0,7574.0,1093.0,3737.0,9003.0,584.0,5501.0
11588,151,N,R,0.0007421045,5996.0,True,True,0.0002006297920421,3638.0,2545.0,4334.0,1475.0,3226.0,1480.0,1331.0,3638.0,2545.0,4334.0
11590,151,N,T,0.0009141422,5084.0,True,True,0.0116875259483254,3435.0,4508.0,417.0,2395.0,1114.0,658.0,667.0,3435.0,4508.0,417.0
11591,151,N,V,1.2495348e-06,6776.0,True,True,4.8195179347100656e-05,10983.0,1317.0,6584.0,5724.0,9565.0,2066.0,6215.0,10983.0,1317.0,6584.0
11592,151,N,W,3.9165067e-07,5130.0,True,True,1.9902377622609242e-07,11705.0,4410.0,12062.0,9428.0,12430.0,9976.0,11574.0,11705.0,4410.0,12062.0
11711,140,D,M,0.0016209544,6116.0,True,True,3.330558246047351e-07,2876.0,2339.0,11703.0,1074.0,7627.0,7930.0,4942.0,2876.0,2339.0,11703.0
11869,121,L,V,0.00014768743,6984.0,True,True,0.0030513460035064,5526.0,1059.0,2393.0,1669.0,3191.0,247.0,831.0,5526.0,1059.0,2393.0
11872,120,K,L,5.0143335e-06,6920.0,True,True,4.785386675544586e-05,9752.0,1138.0,6599.0,4425.0,8787.0,1972.0,5304.0,9752.0,1138.0,6599.0
11876,120,K,Q,0.0013150583,4870.0,True,True,0.0048027413422375,3064.0,5010.0,2037.0,2470.0,1658.0,1580.0,1191.0,3064.0,5010.0,2037.0
12160,90,E,T,0.04689842,7130.0,True,True,9.878916151166149e-05,619.0,887.0,5389.0,41.0,2088.0,1191.0,389.0,619.0,887.0,5389.0
12164,89,T,V,0.0059460388,5972.0,True,True,0.0001388652193012,1761.0,2601.0,4855.0,750.0,2433.0,1812.0,899.0,1761.0,2601.0,4855.0
12170,87,N,Q,0.00041548404,8350.0,True,True,4.870574014673671e-05,4286.0,199.0,6572.0,797.0,5024.0,1434.0,1517.0,4286.0,199.0,6572.0
12171,87,N,R,5.3237163e-05,6788.0,True,True,0.0001975810201228,6834.0,1306.0,4353.0,2506.0,5251.0,927.0,2172.0,6834.0,1306.0,4353.0
12172,87,N,S,0.0071659824,6010.0,True,True,0.0087806286507247,1612.0,2527.0,1112.0,652.0,663.0,288.0,150.0,1612.0,2527.0,1112.0
12173,87,N,T,0.0007567656,6532.0,True,True,0.0117352507441221,3617.0,1633.0,400.0,1090.0,1181.0,65.0,194.0,3617.0,1633.0,400.0
12175,87,N,W,2.7835695e-05,6260.0,True,True,1.3875456130117066e-07,7673.0,2072.0,12237.0,3499.0,10864.0,8200.0,8321.0,7673.0,2072.0,12237.0
12194,85,L,N,0.00036098738,8040.0,True,True,1.1430171662064618e-07,4426.0,292.0,12337.0,893.0,9053.0,6286.0,5024.0,4426.0,292.0,12337.0
12209,84,H,Q,0.002557367,6804.0,True,True,0.0020451716165747,2397.0,1289.0,2818.0,502.0,1708.0,393.0,325.0,2397.0,1289.0,2818.0
12211,84,H,S,0.037986107,5810.0,True,True,0.0002670875028046,694.0,2923.0,4041.0,478.0,1489.0,1536.0,537.0,694.0,2923.0,4041.0
12213,84,H,V,0.19019699,6188.0,True,True,5.256621695269856e-06,187.0,2212.0,9933.0,153.0,4551.0,5683.0,2101.0,187.0,2212.0,9933.0
12632,46,D,Y,2.6316087e-07,5492.0,True,True,0.0003138162049373,11891.0,3605.0,3974.0,8916.0,8499.0,1883.0,6638.0,11891.0,3605.0,3974.0
