,pos,wt,mut,prob,change,is_viable,is_escape,codon indep,codon dep,grammar rank,sem change rank,indep rank,dep rank,grammar rank+sem change rank rank,grammar rank+indep rank rank,grammar rank+dep rank rank,sem change rank+indep rank rank,sem change rank+dep rank rank,indep rank+dep rank rank,grammar rank+sem change rank+indep rank rank,grammar rank+sem change rank+dep rank rank,grammar rank+indep rank+dep rank rank,sem change rank+indep rank+dep rank rank,grammar rank rank,sem change rank rank,indep rank rank,dep rank rank
4174,417,K,E,3.9009006e-05,2840.0,True,True,3.7963530562491086e-05,0.0068356787337642,3648.0,15609.0,3570.0,1728.0,7029.0,2018.0,1290.0,7322.0,5829.0,2523.0,3422.0,2665.0,1545.0,4035.0,3648.0,15609.0,3570.0,1728.0
4420,445,V,A,0.00017729943,4532.0,True,True,5.124970813137344e-05,0.0048397901064219,1580.0,4904.0,2616.0,2254.0,439.0,853.0,788.0,898.0,813.0,2249.0,205.0,167.0,942.0,796.0,1580.0,4904.0,2616.0,2254.0
4479,450,N,D,2.670284e-05,2972.0,True,True,3.796124371962496e-05,0.0030336348494658,4318.0,14520.0,3920.0,3161.0,6665.0,2490.0,2153.0,6718.0,6094.0,3601.0,3384.0,3048.0,2276.0,4329.0,4318.0,14520.0,3920.0,3161.0
4520,453,Y,F,0.0006729436,2522.0,True,True,2.1761222514434755e-05,0.0008848736216581,573.0,18082.0,4763.0,5410.0,6508.0,1292.0,1532.0,10710.0,11420.0,4958.0,3713.0,4068.0,2060.0,7926.0,573.0,18082.0,4763.0,5410.0
4553,455,L,F,0.00011258034,6060.0,True,True,0.0003818929608832,0.032621497700251,2068.0,2187.0,498.0,272.0,122.0,405.0,379.0,133.0,113.0,417.0,20.0,14.0,257.0,68.0,2068.0,2187.0,498.0,272.0
4829,485,G,D,0.00031847856,3930.0,True,True,0.000111496657696,0.0033855486462138,1048.0,7666.0,1385.0,2907.0,949.0,371.0,821.0,1332.0,1888.0,1859.0,287.0,433.0,661.0,1114.0,1048.0,7666.0,1385.0,2907.0
4900,493,Q,K,5.8277175e-07,4016.0,True,True,4.8238277738074606e-05,0.002507150684779,12940.0,7196.0,3161.0,3562.0,7816.0,6495.0,6708.0,1815.0,1952.0,3405.0,3655.0,3871.0,5156.0,1624.0,12940.0,7196.0,3161.0,3562.0
6797,682,R,Q,8.752233e-05,4068.0,True,True,0.0001115033744237,0.003023711625297,2363.0,6947.0,1239.0,3181.0,1133.0,656.0,1351.0,1044.0,1719.0,1962.0,332.0,542.0,1025.0,1026.0,2363.0,6947.0,1239.0,3181.0
6846,687,V,G,5.8500774e-07,4830.0,True,True,6.883971530527274e-06,0.0002421595639532,12931.0,3996.0,7077.0,8013.0,5187.0,8994.0,9538.0,2152.0,2567.0,7891.0,4011.0,4538.0,8329.0,3252.0,12931.0,3996.0,7077.0,8013.0
7694,769,G,E,0.0003711472,4610.0,True,True,0.0001114951763111,0.0034156500632363,937.0,4648.0,1529.0,2859.0,280.0,383.0,776.0,613.0,909.0,1930.0,103.0,157.0,658.0,680.0,937.0,4648.0,1529.0,2859.0
7781,779,Q,K,1.0101562e-05,3468.0,True,True,4.8238277738074606e-05,0.002215953814509,6341.0,10618.0,3161.0,3713.0,5221.0,3081.0,3273.0,3626.0,3821.0,3480.0,2364.0,2551.0,2865.0,2661.0,6341.0,10618.0,3161.0,3713.0
10941,1128,V,A,9.318796e-06,4336.0,True,True,5.124970813137344e-05,0.0048397901064219,6514.0,5672.0,2616.0,2254.0,2262.0,2905.0,2711.0,1077.0,1002.0,2249.0,934.0,839.0,2273.0,904.0,6514.0,5672.0,2616.0,2254.0
17998,685,R,S,4.0686977e-05,3194.0,True,True,4.828231131906038e-05,0.0005784311907403,3567.0,12710.0,2822.0,6466.0,4698.0,1694.0,3262.0,4683.0,7326.0,4382.0,2033.0,3371.0,2731.0,4537.0,3567.0,12710.0,2822.0,6466.0
18285,655,H,Y,0.00019291678,2532.0,True,True,0.0006150462128869,0.0780342482100106,1484.0,18012.0,307.0,3.0,7237.0,235.0,193.0,6643.0,6343.0,39.0,2251.0,2141.0,145.0,2951.0,1484.0,18012.0,307.0,3.0
19752,490,F,L,1.4881706e-05,5530.0,True,True,6.57050215948459e-05,0.0072867185885275,5497.0,2729.0,2151.0,1548.0,806.0,2209.0,1965.0,384.0,295.0,1527.0,315.0,245.0,1614.0,370.0,5497.0,2729.0,2151.0,1548.0
19758,490,F,S,4.9074656e-06,4384.0,True,True,5.124976025461042e-05,0.0072776806448567,7987.0,5476.0,2557.0,1554.0,2923.0,3567.0,3030.0,1006.0,790.0,1768.0,1176.0,939.0,2479.0,768.0,7987.0,5476.0,2557.0,1554.0
19801,486,F,V,4.6320933e-05,3492.0,True,True,6.8839348578500645e-06,0.0015399517528592,3347.0,10450.0,7182.0,4288.0,3118.0,3562.0,2223.0,6120.0,4064.0,5597.0,2662.0,1723.0,3435.0,4494.0,3347.0,10450.0,7182.0,4288.0
19822,484,E,K,5.8618953e-06,3630.0,True,True,0.0001114951763111,0.0044135026970038,7560.0,9505.0,1529.0,2381.0,5307.0,2885.0,3230.0,2130.0,2500.0,1668.0,1879.0,2127.0,2301.0,1482.0,7560.0,9505.0,1529.0,2381.0
20175,444,K,Q,3.6443867e-06,4252.0,True,True,1.131114392555471e-05,0.0003032972943134,8718.0,6020.0,5750.0,7720.0,3700.0,5559.0,6662.0,2515.0,3485.0,7048.0,2495.0,3231.0,6057.0,3405.0,8718.0,6020.0,5750.0,7720.0
