,pos,wt,mut,prob,change,is_viable,is_escape,pos_dep_weight,pos_indep_prob,grammar rank,semantic rank,pos_indep_rank,pos_dep_rank,grammar rank+semantic rank,grammar rank+pos_indep_rank,semantic rank+pos_indep_rank,grammar rank+pos_dep_rank,semantic rank+pos_dep_rank
4933,417,K,E,3.9009006e-05,2840.0,True,True,0.006835678733764272,3.7963530562491086e-05,3648.0,15609.0,3570.0,1728.0,19257.0,7218.0,19179.0,5376.0,17337.0
5227,445,V,A,0.00017729943,4532.0,True,True,0.004839790106421951,5.1249708131373435e-05,1580.0,4904.0,2616.0,2254.0,6484.0,4196.0,7520.0,3834.0,7158.0
5298,450,N,D,2.670284e-05,2972.0,True,True,0.0030336348494658426,3.796124371962496e-05,4318.0,14520.0,3920.0,3161.0,18838.0,8238.0,18440.0,7479.0,17681.0
5347,453,Y,F,0.0006729436,2522.0,True,True,0.0008848736216581633,2.1761222514434755e-05,573.0,18082.0,4763.0,5410.0,18655.0,5336.0,22845.0,5983.0,23492.0
5386,455,L,F,0.00011258034,6060.0,True,True,0.032621497700251044,0.000381892960883201,2068.0,2187.0,498.0,272.0,4255.0,2566.0,2685.0,2340.0,2459.0
5712,485,G,D,0.00031847856,3930.0,True,True,0.003385548646213813,0.00011149665769608058,1048.0,7666.0,1385.0,2907.0,8714.0,2433.0,9051.0,3955.0,10573.0
5798,493,Q,K,5.8277175e-07,4016.0,True,True,0.002507150684779019,4.8238277738074606e-05,12940.0,7196.0,3161.0,3562.0,20136.0,16101.0,10357.0,16502.0,10758.0
8027,682,R,Q,8.752233e-05,4068.0,True,True,0.003023711625297091,0.00011150337442375507,2363.0,6947.0,1239.0,3181.0,9310.0,3602.0,8186.0,5544.0,10128.0
8083,687,V,G,5.8500774e-07,4830.0,True,True,0.00024215956395323614,6.883971530527274e-06,12931.0,3996.0,7077.0,8013.0,16927.0,20008.0,11073.0,20944.0,12009.0
9075,769,G,E,0.0003711472,4610.0,True,True,0.0034156500632363837,0.00011149517631114247,937.0,4648.0,1529.0,2859.0,5585.0,2466.0,6177.0,3796.0,7507.0
9178,779,Q,K,1.0101562e-05,3468.0,True,True,0.0022159538145090306,4.8238277738074606e-05,6341.0,10618.0,3161.0,3713.0,16959.0,9502.0,13779.0,10054.0,14331.0
12902,1128,V,A,9.318796e-06,4336.0,True,True,0.004839790106421951,5.1249708131373435e-05,6514.0,5672.0,2616.0,2254.0,12186.0,9130.0,8288.0,8768.0,7926.0
22172,685,R,S,4.0686977e-05,3194.0,True,True,0.0005784311907403005,4.828231131906038e-05,3567.0,12710.0,2822.0,6466.0,16277.0,6389.0,15532.0,10033.0,19176.0
22562,655,H,Y,0.00019291678,2532.0,True,True,0.0780342482100106,0.0006150462128869841,1484.0,18012.0,307.0,3.0,19496.0,1791.0,18319.0,1487.0,18015.0
24560,490,F,L,1.4881706e-05,5530.0,True,True,0.00728671858852753,6.57050215948459e-05,5497.0,2729.0,2151.0,1548.0,8226.0,7648.0,4880.0,7045.0,4277.0
24566,490,F,S,4.9074656e-06,4384.0,True,True,0.007277680644856732,5.124976025461042e-05,7987.0,5476.0,2557.0,1554.0,13463.0,10544.0,8033.0,9541.0,7030.0
24622,486,F,V,4.6320933e-05,3492.0,True,True,0.0015399517528592531,6.8839348578500645e-06,3347.0,10450.0,7182.0,4288.0,13797.0,10529.0,17632.0,7635.0,14738.0
24650,484,E,K,5.8618953e-06,3630.0,True,True,0.0044135026970038675,0.00011149517631114247,7560.0,9505.0,1529.0,2381.0,17065.0,9089.0,11034.0,9941.0,11886.0
25127,444,K,Q,3.6443867e-06,4252.0,True,True,0.00030329729431342477,1.131114392555471e-05,8718.0,6020.0,5750.0,7720.0,14738.0,14468.0,11770.0,16438.0,13740.0
